time,research,dev
2015-01-01,,
2015-01-02,,
2015-01-03,,
2015-01-04,,
2015-01-05,,
2015-01-06,,
2015-01-07,,
2015-01-08,,
2015-01-09,,
2015-01-10,,
2015-01-11,,
2015-01-12,,
2015-01-13,,
2015-01-14,,
2015-01-15,,
2015-01-16,,
2015-01-17,,
2015-01-18,,
2015-01-19,,
2015-01-20,,
2015-01-21,,
2015-01-22,,
2015-01-23,,
2015-01-24,,
2015-01-25,,
2015-01-26,,
2015-01-27,,
2015-01-28,,
2015-01-29,,
2015-01-30,,
2015-01-31,,
2015-02-01,,
2015-02-02,,
2015-02-03,,
2015-02-04,,
2015-02-05,,
2015-02-06,,
2015-02-07,,
2015-02-08,,
2015-02-09,,
2015-02-10,,
2015-02-11,,
2015-02-12,,
2015-02-13,,
2015-02-14,,
2015-02-15,,
2015-02-16,,
2015-02-17,,
2015-02-18,,
2015-02-19,,
2015-02-20,,
2015-02-21,,
2015-02-22,,
2015-02-23,,
2015-02-24,,
2015-02-25,,
2015-02-26,,
2015-02-27,,
2015-02-28,,
2015-03-01,,
2015-03-02,,
2015-03-03,,
2015-03-04,,
2015-03-05,,
2015-03-06,,
2015-03-07,,
2015-03-08,,
2015-03-09,,
2015-03-10,,
2015-03-11,,
2015-03-12,,
2015-03-13,,
2015-03-14,,
2015-03-15,,
2015-03-16,,
2015-03-17,,
2015-03-18,,
2015-03-19,,
2015-03-20,,
2015-03-21,,
2015-03-22,,
2015-03-23,,
2015-03-24,,
2015-03-25,,
2015-03-26,,
2015-03-27,,
2015-03-28,,
2015-03-29,,
2015-03-30,,
2015-03-31,,
2015-04-01,,
2015-04-02,,
2015-04-03,,
2015-04-04,,
2015-04-05,,
2015-04-06,,
2015-04-07,,
2015-04-08,,
2015-04-09,,
2015-04-10,,
2015-04-11,,
2015-04-12,,
2015-04-13,,
2015-04-14,,
2015-04-15,,
2015-04-16,,
2015-04-17,,
2015-04-18,,
2015-04-19,,
2015-04-20,,
2015-04-21,,
2015-04-22,,
2015-04-23,,
2015-04-24,,
2015-04-25,,
2015-04-26,,
2015-04-27,,
2015-04-28,,
2015-04-29,,
2015-04-30,,
2015-05-01,,
2015-05-02,,
2015-05-03,,
2015-05-04,,
2015-05-05,,
2015-05-06,,
2015-05-07,,
2015-05-08,,
2015-05-09,,
2015-05-10,,
2015-05-11,,
2015-05-12,,
2015-05-13,,
2015-05-14,,
2015-05-15,,
2015-05-16,,
2015-05-17,,
2015-05-18,,
2015-05-19,,
2015-05-20,,
2015-05-21,,
2015-05-22,,
2015-05-23,,
2015-05-24,,
2015-05-25,,
2015-05-26,,
2015-05-27,,
2015-05-28,,
2015-05-29,,
2015-05-30,,
2015-05-31,,
2015-06-01,,
2015-06-02,,
2015-06-03,,
2015-06-04,,
2015-06-05,,
2015-06-06,,
2015-06-07,,
2015-06-08,,
2015-06-09,,
2015-06-10,,
2015-06-11,,
2015-06-12,,
2015-06-13,,
2015-06-14,,
2015-06-15,,
2015-06-16,,
2015-06-17,,
2015-06-18,,
2015-06-19,,
2015-06-20,,
2015-06-21,,
2015-06-22,,
2015-06-23,,
2015-06-24,,
2015-06-25,,
2015-06-26,,
2015-06-27,,
2015-06-28,,
2015-06-29,,
2015-06-30,,
2015-07-01,,
2015-07-02,,
2015-07-03,,
2015-07-04,,
2015-07-05,,
2015-07-06,,
2015-07-07,,
2015-07-08,,
2015-07-09,,
2015-07-10,,
2015-07-11,,
2015-07-12,,
2015-07-13,,
2015-07-14,,
2015-07-15,,
2015-07-16,,
2015-07-17,,
2015-07-18,,
2015-07-19,,
2015-07-20,,
2015-07-21,,
2015-07-22,,
2015-07-23,,
2015-07-24,,
2015-07-25,,
2015-07-26,,
2015-07-27,,
2015-07-28,,
2015-07-29,,
2015-07-30,,
2015-07-31,,
2015-08-01,,
2015-08-02,,
2015-08-03,,
2015-08-04,,
2015-08-05,,
2015-08-06,,
2015-08-07,,
2015-08-08,,
2015-08-09,,
2015-08-10,,
2015-08-11,,
2015-08-12,,
2015-08-13,,
2015-08-14,,
2015-08-15,,
2015-08-16,,
2015-08-17,,
2015-08-18,,
2015-08-19,,
2015-08-20,,
2015-08-21,,
2015-08-22,,
2015-08-23,,
2015-08-24,,
2015-08-25,,
2015-08-26,,
2015-08-27,,
2015-08-28,,
2015-08-29,,
2015-08-30,,
2015-08-31,,
2015-09-01,,
2015-09-02,,
2015-09-03,,
2015-09-04,,
2015-09-05,,
2015-09-06,,
2015-09-07,,
2015-09-08,,
2015-09-09,,
2015-09-10,,
2015-09-11,,
2015-09-12,,
2015-09-13,,
2015-09-14,,
2015-09-15,,
2015-09-16,,
2015-09-17,,
2015-09-18,,
2015-09-19,,
2015-09-20,,
2015-09-21,,
2015-09-22,,
2015-09-23,,
2015-09-24,,
2015-09-25,,
2015-09-26,,
2015-09-27,,
2015-09-28,,
2015-09-29,,
2015-09-30,,
2015-10-01,,
2015-10-02,,
2015-10-03,,
2015-10-04,,
2015-10-05,,
2015-10-06,,
2015-10-07,,
2015-10-08,,
2015-10-09,,
2015-10-10,,
2015-10-11,,
2015-10-12,,
2015-10-13,,
2015-10-14,,
2015-10-15,,
2015-10-16,,
2015-10-17,,
2015-10-18,,
2015-10-19,,
2015-10-20,,
2015-10-21,,
2015-10-22,,
2015-10-23,,
2015-10-24,,
2015-10-25,,
2015-10-26,,
2015-10-27,,
2015-10-28,,
2015-10-29,,
2015-10-30,,
2015-10-31,,
2015-11-01,,
2015-11-02,,
2015-11-03,,
2015-11-04,,
2015-11-05,,
2015-11-06,,
2015-11-07,,
2015-11-08,,
2015-11-09,,
2015-11-10,,
2015-11-11,,
2015-11-12,,
2015-11-13,,
2015-11-14,,
2015-11-15,,
2015-11-16,,
2015-11-17,,
2015-11-18,,
2015-11-19,,
2015-11-20,,
2015-11-21,,
2015-11-22,,
2015-11-23,,
2015-11-24,,
2015-11-25,,
2015-11-26,,
2015-11-27,,
2015-11-28,,
2015-11-29,,
2015-11-30,,
2015-12-01,,
2015-12-02,,
2015-12-03,,
2015-12-04,,
2015-12-05,,
2015-12-06,,
2015-12-07,,
2015-12-08,,
2015-12-09,,
2015-12-10,,
2015-12-11,,
2015-12-12,,
2015-12-13,,
2015-12-14,,
2015-12-15,,
2015-12-16,,
2015-12-17,,
2015-12-18,,
2015-12-19,,
2015-12-20,,
2015-12-21,,
2015-12-22,,
2015-12-23,,
2015-12-24,,
2015-12-25,,
2015-12-26,,
2015-12-27,,
2015-12-28,,
2015-12-29,,
2015-12-30,,
2015-12-31,,
2016-01-01,0.0,
2016-01-02,0.01120875598186899,
2016-01-03,-0.010826498885917246,
2016-01-04,0.005213351131539756,
2016-01-05,-0.006319801092988242,
2016-01-06,0.0003528156155676587,
2016-01-07,0.0038051080224796863,
2016-01-08,0.010507101227072546,
2016-01-09,0.010201731666637848,
2016-01-10,-0.0058324818633263,
2016-01-11,-0.0002462694002047794,
2016-01-12,0.00995549903746884,
2016-01-13,-0.0004413172703022772,
2016-01-14,0.0118420484233559,
2016-01-15,-0.013676166778772592,
2016-01-16,0.023560699986487244,
2016-01-17,0.030282179193539926,
2016-01-18,-0.00493222596117493,
2016-01-19,-0.010850228117908256,
2016-01-20,0.022372175491664592,
2016-01-21,0.006930468148944602,
2016-01-22,-0.0002823275958231397,
2016-01-23,-0.009846265407281396,
2016-01-24,-0.003552977287333725,
2016-01-25,-0.009631061334680724,
2016-01-26,0.13502941355582165,
2016-01-27,0.06087379449587349,
2016-01-28,-0.04571828106860665,
2016-01-29,-0.01371391650004794,
2016-01-30,-0.04055983886304981,
2016-01-31,0.004841205996886977,
2016-02-01,-0.010164000129487816,
2016-02-02,0.011496235499272256,
2016-02-03,0.008458843362304291,
2016-02-04,0.01560076395312926,
2016-02-05,0.0031962996532741705,
2016-02-06,-0.0029848975673000266,
2016-02-07,0.020983896569268135,
2016-02-08,0.011372040812588802,
2016-02-09,0.0372741939987562,
2016-02-10,0.02258891184786771,
2016-02-11,0.04975439056537323,
2016-02-12,-0.0037047909206519014,
2016-02-13,-0.005447666760964975,
2016-02-14,0.004326239053062952,
2016-02-15,0.0019273320488353285,
2016-02-16,-0.018332964013100472,
2016-02-17,-0.05628374993306351,
2016-02-18,0.0317436396321793,
2016-02-19,0.03248838844208257,
2016-02-20,-0.015825883589209222,
2016-02-21,0.002326026839152062,
2016-02-22,0.028057671525447248,
2016-02-23,-0.003991343879267251,
2016-02-24,0.005872940818635319,
2016-02-25,0.0006773434166895687,
2016-02-26,0.0006335186357298017,
2016-02-27,0.002828867666025525,
2016-02-28,0.0048879924210059045,
2016-02-29,-0.0005459049392527726,
2016-03-01,-0.0026501270957151046,
2016-03-02,-0.001530904072990058,
2016-03-03,0.03013814743613552,
2016-03-04,0.0004862056660293046,
2016-03-05,0.009966574957266383,
2016-03-06,0.002404393957990081,
2016-03-07,-0.014109660983749439,
2016-03-08,0.017775519603011825,
2016-03-09,0.003995747429970331,
2016-03-10,-0.004345438854608696,
2016-03-11,0.00557744420613715,
2016-03-12,0.00829425919983029,
2016-03-13,0.01407556942911592,
2016-03-14,-0.013593477388740505,
2016-03-15,0.0049546789669814295,
2016-03-16,-0.004191197440677308,
2016-03-17,-0.012216099748027065,
2016-03-18,-0.0012417319450881426,
2016-03-19,-0.0030506343548865056,
2016-03-20,-0.0020938307758856523,
2016-03-21,0.014107497990559992,
2016-03-22,-0.004506759873430521,
2016-03-23,0.009913514465241136,
2016-03-24,-0.009312558244128244,
2016-03-25,-0.004855737464086629,
2016-03-26,0.002388445599992739,
2016-03-27,-0.005029031511293192,
2016-03-28,0.011980261335379883,
2016-03-29,-0.000640475205683888,
2016-03-30,0.002929130981515149,
2016-03-31,-0.004365780899394323,
2016-04-01,0.002180025182714651,
2016-04-02,-0.0005210352404495522,
2016-04-03,-1.402968055619347e-06,
2016-04-04,-0.00370761174315537,
2016-04-05,-0.0003657044122288289,
2016-04-06,0.0,
2016-04-07,0.0,
2016-04-08,0.0,
2016-04-09,0.0,
2016-04-10,0.0,
2016-04-11,0.0,
2016-04-12,0.0012597632070521225,
2016-04-13,-0.001003731118785267,
2016-04-14,0.0001292594291972815,
2016-04-15,0.0024265269636509768,
2016-04-16,9.999000522098456e-05,
2016-04-17,-0.0013930655592725438,
2016-04-18,9.85246969338327e-05,
2016-04-19,0.005002696462550027,
2016-04-20,0.002603018567426396,
2016-04-21,0.00656142983096486,
2016-04-22,-0.004220159033005766,
2016-04-23,0.002370022622729895,
2016-04-24,0.00975318401019254,
2016-04-25,0.006617579180293154,
2016-04-26,0.007487911676051562,
2016-04-27,-0.011715146002184595,
2016-04-28,0.0007690343542319233,
2016-04-29,0.0019365257989725215,
2016-04-30,-0.005952000358784959,
2016-05-01,0.0010619712802566461,
2016-05-02,-0.001231816530171348,
2016-05-03,-0.008675898692480866,
2016-05-04,-0.004345465109419133,
2016-05-05,-0.00034128767556995676,
2016-05-06,0.003077699733122552,
2016-05-07,0.0039041213734047897,
2016-05-08,-0.001112496769728355,
2016-05-09,0.0022583686339707754,
2016-05-10,-0.00024189871482105385,
2016-05-11,0.009376881468825538,
2016-05-12,0.007446336038021029,
2016-05-13,0.0070831753566276134,
2016-05-14,-0.004141185712012496,
2016-05-15,-0.0025620154090753022,
2016-05-16,0.014387868224263745,
2016-05-17,0.001444846730325633,
2016-05-18,2.6710061912904592e-05,
2016-05-19,0.006448100496075693,
2016-05-20,0.004544727284287564,
2016-05-21,0.006543837019999721,
2016-05-22,-0.004309034255899569,
2016-05-23,0.0012654740343132076,
2016-05-24,-0.0007017226537417987,
2016-05-25,0.0,
2016-05-26,0.0,
2016-05-27,0.0,
2016-05-28,0.0,
2016-05-29,0.0,
2016-05-30,0.0,
2016-05-31,0.0,
2016-06-01,0.0,
2016-06-02,0.0,
2016-06-03,0.0,
2016-06-04,0.0,
2016-06-05,0.0,
2016-06-06,0.0,
2016-06-07,0.0,
2016-06-08,0.0,
2016-06-09,0.0,
2016-06-10,0.0,
2016-06-11,0.0,
2016-06-12,0.0,
2016-06-13,0.0,
2016-06-14,0.0,
2016-06-15,0.0,
2016-06-16,0.0,
2016-06-17,0.0,
2016-06-18,0.0,
2016-06-19,0.0,
2016-06-20,0.0,
2016-06-21,0.0,
2016-06-22,0.0,
2016-06-23,0.0,
2016-06-24,0.0,
2016-06-25,0.0,
2016-06-26,0.0,
2016-06-27,0.0,
2016-06-28,0.0,
2016-06-29,0.0,
2016-06-30,0.0,
2016-07-01,0.0,
2016-07-02,0.0,
2016-07-03,0.0,
2016-07-04,0.0,
2016-07-05,-0.012908236528338835,
2016-07-06,0.017552185109555918,
2016-07-07,-0.019439321417948907,
2016-07-08,0.02053033741537935,
2016-07-09,-0.013354071004667789,
2016-07-10,0.0039205864885478725,
2016-07-11,-0.0009435267487098997,
2016-07-12,0.1792954361340411,
2016-07-13,0.05284707797246213,
2016-07-14,-0.011053923628696172,
2016-07-15,-0.013879196245376924,
2016-07-16,0.0005197838416335365,
2016-07-17,0.0014226852014778135,
2016-07-18,-0.024606971898831875,
2016-07-19,0.10026022097293552,
2016-07-20,-0.016514795177960617,
2016-07-21,-0.02135062032241586,
2016-07-22,-0.0008244370156322844,
2016-07-23,0.025388545685957276,
2016-07-24,-0.013615965173070843,
2016-07-25,-0.009525039713919936,
2016-07-26,-0.002346930724162144,
2016-07-27,0.0,
2016-07-28,0.0,
2016-07-29,0.0,
2016-07-30,0.0,
2016-07-31,0.0,
2016-08-01,0.0,
2016-08-02,0.0,
2016-08-03,0.0,
2016-08-04,0.0,
2016-08-05,0.0,
2016-08-06,0.0,
2016-08-07,0.0,
2016-08-08,0.0,
2016-08-09,0.0,
2016-08-10,0.0,
2016-08-11,0.0,
2016-08-12,0.0,
2016-08-13,0.0,
2016-08-14,0.0,
2016-08-15,0.0,
2016-08-16,0.0,
2016-08-17,0.0,
2016-08-18,0.0,
2016-08-19,0.0,
2016-08-20,0.0,
2016-08-21,0.0,
2016-08-22,0.0,
2016-08-23,0.0,
2016-08-24,0.0,
2016-08-25,0.0,
2016-08-26,0.0,
2016-08-27,0.0,
2016-08-28,0.0,
2016-08-29,0.0,
2016-08-30,0.0,
2016-08-31,0.0,
2016-09-01,0.0,
2016-09-02,0.0,
2016-09-03,0.0,
2016-09-04,0.0,
2016-09-05,0.0,
2016-09-06,0.0,
2016-09-07,0.0,
2016-09-08,0.0,
2016-09-09,0.0,
2016-09-10,0.0,
2016-09-11,0.0,
2016-09-12,0.0,
2016-09-13,0.0,
2016-09-14,0.0,
2016-09-15,0.0,
2016-09-16,0.0,
2016-09-17,0.0,
2016-09-18,0.0,
2016-09-19,0.0,
2016-09-20,0.0,
2016-09-21,0.0,
2016-09-22,0.0,
2016-09-23,0.0,
2016-09-24,0.0,
2016-09-25,0.0,
2016-09-26,0.0,
2016-09-27,0.0,
2016-09-28,0.0,
2016-09-29,0.0,
2016-09-30,0.0,
2016-10-01,0.0,
2016-10-02,0.0,
2016-10-03,0.0,
2016-10-04,-0.0015120200069889123,
2016-10-05,-0.005591640535352216,
2016-10-06,-0.0007836833710352931,
2016-10-07,-0.001627263961439529,
2016-10-08,-0.0021501647116876077,
2016-10-09,0.002031040354958824,
2016-10-10,0.006906645889181773,
2016-10-11,0.007168460841007418,
2016-10-12,-0.011590184492024536,
2016-10-13,0.005237498701718524,
2016-10-14,0.0163846662033027,
2016-10-15,-0.02011406495567203,
2016-10-16,-0.00363474937018915,
2016-10-17,-0.00575816794880335,
2016-10-18,0.0033740906313683983,
2016-10-19,3.311680086914848e-05,
2016-10-20,0.013980487266736175,
2016-10-21,0.0017571196913188647,
2016-10-22,-0.00070866621258725,
2016-10-23,0.0019749401653390564,
2016-10-24,-0.011328359975014468,
2016-10-25,-0.009910468817864948,
2016-10-26,0.003111701730056593,
2016-10-27,-0.008845384345327556,
2016-10-28,-0.015023682657747561,
2016-10-29,-0.00936578594057258,
2016-10-30,0.011585550395771582,
2016-10-31,-0.00038772144675336406,
2016-11-01,0.0011397315689274379,
2016-11-02,0.0032787240100859982,
2016-11-03,-0.012950634176957299,
2016-11-04,0.003638766509728608,
2016-11-05,0.002506738680931875,
2016-11-06,-0.0005429199413902186,
2016-11-07,-0.002763309793291646,
2016-11-08,0.0016738352074807672,
2016-11-09,9.641934988313672e-05,
2016-11-10,-0.0003615442263975588,
2016-11-11,-0.0007282033947941802,
2016-11-12,-0.001857728360203259,
2016-11-13,0.0022236349965842894,
2016-11-14,-0.0015840914080039736,
2016-11-15,-0.004239211107124663,
2016-11-16,-0.0003381467518229764,
2016-11-17,-0.008795339640544242,
2016-11-18,-0.005393997150262675,
2016-11-19,-0.008511716111616274,
2016-11-20,-0.004268614503763479,
2016-11-21,0.007143557823872104,
2016-11-22,0.0014861921141327006,
2016-11-23,-0.0031365593448755558,
2016-11-24,-0.0010141321161246664,
2016-11-25,0.0010746893996345097,
2016-11-26,-0.0017204587535385452,
2016-11-27,-0.0009574271332475348,
2016-11-28,0.0009792478128536342,
2016-11-29,-0.00288296630864604,
2016-11-30,-0.007552134768700314,
2016-12-01,0.0024957649358425815,
2016-12-02,0.027226220203841356,
2016-12-03,0.00783652160039483,
2016-12-04,0.005172908622577799,
2016-12-05,-0.002970705341476476,
2016-12-06,0.0015167931253763367,
2016-12-07,-0.0061944163435118105,
2016-12-08,0.009215102011741916,
2016-12-09,-0.0015935296094160556,
2016-12-10,-0.007776187652799749,
2016-12-11,-0.014811506301973587,
2016-12-12,0.004719964897974327,
2016-12-13,-0.003725557438199467,
2016-12-14,0.011388669870812995,
2016-12-15,0.022056534187156362,
2016-12-16,0.0017546172853131203,
2016-12-17,-0.01905585893170214,
2016-12-18,0.0165240931757622,
2016-12-19,0.013912641023519301,
2016-12-20,-0.007105146925013184,
2016-12-21,-0.002388275104942328,
2016-12-22,0.00660608087544956,
2016-12-23,0.004833396772526255,
2016-12-24,0.008756393322117528,
2016-12-25,0.0006043701243294564,
2016-12-26,-0.0021495151043001703,
2016-12-27,0.039634311806480804,
2016-12-28,0.03883872966209556,
2016-12-29,0.06181713999479754,
2016-12-30,0.010999776451587673,
2016-12-31,-0.00023964003216314644,
2017-01-01,0.0013410174362771254,
2017-01-02,0.0419584223222611,
2017-01-03,0.00729907227745108,
2017-01-04,0.084436302090517,
2017-01-05,-0.05469850625669559,
2017-01-06,-0.209902133108678,
2017-01-07,0.1839449057028324,
2017-01-08,0.009616094190970648,
2017-01-09,0.009739525768522439,
2017-01-10,0.009121256636069441,
2017-01-11,-0.06473974118499626,
2017-01-12,0.02024890001816937,
2017-01-13,-0.009619279536379532,
2017-01-14,-0.007193897090718271,
2017-01-15,0.0010535044420760808,
2017-01-16,-0.0008118178885601068,
2017-01-17,0.017864991032415123,
2017-01-18,-0.007616605755137895,
2017-01-19,0.010817294366682884,
2017-01-20,0.0037006565826986915,
2017-01-21,0.004273876876226934,
2017-01-22,-0.0026871286193560495,
2017-01-23,-0.0005827031700660346,
2017-01-24,-0.0002486545032880372,
2017-01-25,0.0,
2017-01-26,0.0,
2017-01-27,0.0,
2017-01-28,0.0,
2017-01-29,0.0,
2017-01-30,0.0,
2017-01-31,0.0,
2017-02-01,0.0,
2017-02-02,0.0,
2017-02-03,0.0,
2017-02-04,0.0,
2017-02-05,0.0,
2017-02-06,0.0,
2017-02-07,0.0,
2017-02-08,0.0,
2017-02-09,0.0,
2017-02-10,0.0,
2017-02-11,0.0,
2017-02-12,0.0,
2017-02-13,0.0,
2017-02-14,0.0,
2017-02-15,0.0,
2017-02-16,0.0,
2017-02-17,0.0,
2017-02-18,0.0,
2017-02-19,0.0,
2017-02-20,0.0,
2017-02-21,0.0,
2017-02-22,0.0,
2017-02-23,0.0,
2017-02-24,0.0,
2017-02-25,0.0,
2017-02-26,0.0,
2017-02-27,0.0,
2017-02-28,0.0,
2017-03-01,0.0,
2017-03-02,0.0,
2017-03-03,0.0,
2017-03-04,0.0,
2017-03-05,0.0,
2017-03-06,0.0,
2017-03-07,-0.022361965160207165,
2017-03-08,-0.02954262525668283,
2017-03-09,0.014925461503656035,
2017-03-10,0.003773532054491602,
2017-03-11,0.03728704052156462,
2017-03-12,0.026219221615780164,
2017-03-13,0.0560209175490618,
2017-03-14,-0.001025281827871316,
2017-03-15,0.03607033503407808,
2017-03-16,0.06780289541206996,
2017-03-17,-0.008444827772088326,
2017-03-18,-0.050904723446148825,
2017-03-19,0.06347832629881878,
2017-03-20,-0.004191743075071752,
2017-03-21,-0.028899384649174964,
2017-03-22,0.00947481280189777,
2017-03-23,-0.0016222108483807673,
2017-03-24,0.008442710249874974,
2017-03-25,0.007854441172937543,
2017-03-26,-0.009621172901921327,
2017-03-27,-0.018289605717597635,
2017-03-28,-0.001996935997335303,
2017-03-29,0.0,
2017-03-30,0.0,
2017-03-31,0.0,
2017-04-01,0.0,
2017-04-02,0.0,
2017-04-03,0.0,
2017-04-04,0.0,
2017-04-05,0.0,
2017-04-06,0.0,
2017-04-07,0.0,
2017-04-08,0.0,
2017-04-09,0.0,
2017-04-10,0.0,
2017-04-11,0.0,
2017-04-12,0.0,
2017-04-13,0.0,
2017-04-14,0.0,
2017-04-15,0.0,
2017-04-16,0.0,
2017-04-17,0.0,
2017-04-18,0.0,
2017-04-19,0.0,
2017-04-20,0.0,
2017-04-21,0.0,
2017-04-22,0.0,
2017-04-23,0.0,
2017-04-24,0.0,
2017-04-25,0.0,
2017-04-26,0.0,
2017-04-27,0.0,
2017-04-28,0.0,
2017-04-29,0.0,
2017-04-30,0.0,
2017-05-01,0.0,
2017-05-02,0.0,
2017-05-03,0.0,
2017-05-04,0.0,
2017-05-05,0.0,
2017-05-06,0.0,
2017-05-07,0.0,
2017-05-08,0.0,
2017-05-09,-0.028528064622316274,
2017-05-10,0.012076148651381846,
2017-05-11,-0.011281987799200088,
2017-05-12,-0.005730764285082901,
2017-05-13,-0.003128025261267542,
2017-05-14,0.012326271754140805,
2017-05-15,0.013265221549663586,
2017-05-16,-0.010871820905322904,
2017-05-17,0.004584743729566965,
2017-05-18,0.014235780776761908,
2017-05-19,0.010314686544410812,
2017-05-20,0.011508711504014446,
2017-05-21,0.010195996438273847,
2017-05-22,-0.01400399584516443,
2017-05-23,0.024754141628477333,
2017-05-24,-0.005930082566405592,
2017-05-25,-0.049062001157041624,
2017-05-26,-0.029517748114665343,
2017-05-27,-0.035031976330544334,
2017-05-28,0.035260854566596,
2017-05-29,0.021050212526450895,
2017-05-30,0.018675611081723664,
2017-05-31,-0.0019966865363285624,
2017-06-01,0.0026373146905802614,
2017-06-02,0.012612835314536941,
2017-06-03,0.005683122720596678,
2017-06-04,0.014056590439788685,
2017-06-05,0.03475795772107215,
2017-06-06,0.002090500668419093,
2017-06-07,-0.012760291745652963,
2017-06-08,0.007281446815607939,
2017-06-09,0.004346335046714778,
2017-06-10,0.015509653716120342,
2017-06-11,0.009964689550520545,
2017-06-12,0.007792070177532695,
2017-06-13,0.011603319971375425,
2017-06-14,-0.026691449872801587,
2017-06-15,0.002332096215088564,
2017-06-16,0.006658244335369767,
2017-06-17,0.0005826266466268937,
2017-06-18,-0.004579786450072509,
2017-06-19,0.005954074754717542,
2017-06-20,-0.01370317784682018,
2017-06-21,-0.008439654180647516,
2017-06-22,0.0017664347213974807,
2017-06-23,0.00864520550920167,
2017-06-24,-0.015638257506889297,
2017-06-25,-0.016134925538891065,
2017-06-26,-0.02407756240378378,
2017-06-27,0.0009558585973192812,
2017-06-28,0.0,
2017-06-29,0.0,
2017-06-30,0.0,
2017-07-01,0.0,
2017-07-02,0.0,
2017-07-03,0.0,
2017-07-04,0.0030379154734052616,
2017-07-05,0.01415347510587961,
2017-07-06,0.002783046824749169,
2017-07-07,-0.013575925999118388,
2017-07-08,0.009519916914487503,
2017-07-09,-0.009530047990791157,
2017-07-10,-0.020749031972842835,
2017-07-11,-0.019205772818342792,
2017-07-12,0.026368102698185014,
2017-07-13,-0.015476442073578456,
2017-07-14,-0.02938570360965931,
2017-07-15,-0.047761852052887854,
2017-07-16,-0.027901172399641405,
2017-07-17,0.07604772774916069,
2017-07-18,0.014804336607471047,
2017-07-19,-0.014266363128271897,
2017-07-20,0.06732694296691366,
2017-07-21,-0.006427753372170941,
2017-07-22,0.015918953727421803,
2017-07-23,-0.01233691615765542,
2017-07-24,0.010047970610489898,
2017-07-25,-0.002269292765282538,
2017-07-26,0.0,
2017-07-27,0.0,
2017-07-28,0.0,
2017-07-29,0.0,
2017-07-30,0.0,
2017-07-31,0.0,
2017-08-01,0.0,
2017-08-02,0.0,
2017-08-03,0.0,
2017-08-04,0.0,
2017-08-05,0.0,
2017-08-06,0.0,
2017-08-07,0.0,
2017-08-08,0.0,
2017-08-09,0.0,
2017-08-10,0.0,
2017-08-11,0.0,
2017-08-12,0.0,
2017-08-13,0.0,
2017-08-14,0.0,
2017-08-15,0.0,
2017-08-16,0.0,
2017-08-17,0.0,
2017-08-18,0.0,
2017-08-19,0.0,
2017-08-20,0.0,
2017-08-21,0.0,
2017-08-22,0.0,
2017-08-23,0.0,
2017-08-24,0.0,
2017-08-25,0.0,
2017-08-26,0.0,
2017-08-27,0.0,
2017-08-28,0.0,
2017-08-29,0.0,
2017-08-30,0.0,
2017-08-31,0.0,
2017-09-01,0.0,
2017-09-02,0.0,
2017-09-03,0.0,
2017-09-04,0.0,
2017-09-05,0.03681407219786359,
2017-09-06,0.04335389595926342,
2017-09-07,-0.010762163124262147,
2017-09-08,-0.041603151321247145,
2017-09-09,-0.014261667869262862,
2017-09-10,-0.019881761315404534,
2017-09-11,0.004958283137477704,
2017-09-12,-0.002995044156773652,
2017-09-13,-0.021142476732600057,
2017-09-14,-0.07661548275964869,
2017-09-15,0.05149724261349631,
2017-09-16,0.006928518654073512,
2017-09-17,0.005514912652376802,
2017-09-18,0.02354010591068767,
2017-09-19,-0.011568491505695389,
2017-09-20,0.00604306384811415,
2017-09-21,-0.020091746736287552,
2017-09-22,0.007525145827469437,
2017-09-23,0.013300313619916126,
2017-09-24,-0.00965474059747684,
2017-09-25,0.013826355378372845,
2017-09-26,-0.0008607996101818172,
2017-09-27,0.0,
2017-09-28,0.0,
2017-09-29,0.0,
2017-09-30,0.0,
2017-10-01,0.0,
2017-10-02,0.0,
2017-10-03,0.0,
2017-10-04,0.0,
2017-10-05,0.0,
2017-10-06,0.0,
2017-10-07,0.0,
2017-10-08,0.0,
2017-10-09,0.0,
2017-10-10,0.0,
2017-10-11,0.0,
2017-10-12,0.0,
2017-10-13,0.0,
2017-10-14,0.0,
2017-10-15,0.0,
2017-10-16,0.0,
2017-10-17,0.0,
2017-10-18,0.0,
2017-10-19,0.0,
2017-10-20,0.0,
2017-10-21,0.0,
2017-10-22,0.0,
2017-10-23,0.0,
2017-10-24,0.0,
2017-10-25,0.0,
2017-10-26,0.0,
2017-10-27,0.0,
2017-10-28,0.0,
2017-10-29,0.0,
2017-10-30,0.0,
2017-10-31,0.0,
2017-11-01,0.0,
2017-11-02,0.0,
2017-11-03,0.0,
2017-11-04,0.0,
2017-11-05,0.0,
2017-11-06,0.0,
2017-11-07,0.0007442705754558965,
2017-11-08,0.02291212796066211,
2017-11-09,0.006427377571584847,
2017-11-10,0.024586301531920318,
2017-11-11,0.039186041238371105,
2017-11-12,0.012164509068265383,
2017-11-13,0.0019375026018115804,
2017-11-14,0.007371002090615253,
2017-11-15,0.018600229550946645,
2017-11-16,-0.02784055672400132,
2017-11-17,0.039457726948596505,
2017-11-18,0.028313748067939404,
2017-11-19,-0.0060333017055589355,
2017-11-20,0.04542142820398354,
2017-11-21,-0.026173858093408775,
2017-11-22,0.04280273025909698,
2017-11-23,-0.002257559913024898,
2017-11-24,0.013591410126771342,
2017-11-25,0.02577084741448421,
2017-11-26,0.012575672702486385,
2017-11-27,0.06017001470585348,
2017-11-28,0.04982389465675685,
2017-11-29,-0.02749418612089838,
2017-11-30,0.03309002233557057,
2017-12-01,0.02889664164301453,
2017-12-02,-0.0034743378739837683,
2017-12-03,0.05284447583322849,
2017-12-04,0.07430698770044097,
2017-12-05,0.07150609686412635,
2017-12-06,0.020221814546281136,
2017-12-07,-0.005820038186865717,
2017-12-08,0.1014038959726351,
2017-12-09,-0.0016605781632565986,
2017-12-10,-0.0440502307568621,
2017-12-11,0.08971182454819626,
2017-12-12,0.10596890375273316,
2017-12-13,-0.03379060947180201,
2017-12-14,-0.012822490891326921,
2017-12-15,0.02126833946522244,
2017-12-16,0.0027994639140569433,
2017-12-17,0.03067818347264306,
2017-12-18,0.04679313600914892,
2017-12-19,0.036154329093597726,
2017-12-20,-0.02821092517408519,
2017-12-21,-0.0031195107638514186,
2017-12-22,-0.09649761668048507,
2017-12-23,0.020743593675786265,
2017-12-24,-0.010394319111277306,
2017-12-25,0.0006843171616821575,
2017-12-26,-0.0028721299078396934,
2017-12-27,0.0,
2017-12-28,0.0,
2017-12-29,0.0,
2017-12-30,0.0,
2017-12-31,0.0,
2018-01-01,0.0,
2018-01-02,0.0,
2018-01-03,0.0,
2018-01-04,0.0,
2018-01-05,0.0,
2018-01-06,0.0,
2018-01-07,0.0,
2018-01-08,0.0,
2018-01-09,0.0,
2018-01-10,0.0,
2018-01-11,0.0,
2018-01-12,0.0,
2018-01-13,0.0,
2018-01-14,0.0,
2018-01-15,0.0,
2018-01-16,0.0,
2018-01-17,0.0,
2018-01-18,0.0,
2018-01-19,0.0,
2018-01-20,0.0,
2018-01-21,0.0,
2018-01-22,0.0,
2018-01-23,0.0,
2018-01-24,0.0,
2018-01-25,0.0,
2018-01-26,0.0,
2018-01-27,0.0,
2018-01-28,0.0,
2018-01-29,0.0,
2018-01-30,0.0,
2018-01-31,0.0,
2018-02-01,0.0,
2018-02-02,0.0,
2018-02-03,0.0,
2018-02-04,0.0,
2018-02-05,0.0,
2018-02-06,0.0,
2018-02-07,0.0,
2018-02-08,0.0,
2018-02-09,0.0,
2018-02-10,0.0,
2018-02-11,0.0,
2018-02-12,0.0,
2018-02-13,0.0,
2018-02-14,0.0,
2018-02-15,0.0,
2018-02-16,0.0,
2018-02-17,0.0,
2018-02-18,0.0,
2018-02-19,0.0,
2018-02-20,0.0,
2018-02-21,0.0,
2018-02-22,0.0,
2018-02-23,0.0,
2018-02-24,0.0,
2018-02-25,0.0,
2018-02-26,0.0,
2018-02-27,0.0,
2018-02-28,0.0,
2018-03-01,0.0,
2018-03-02,0.0,
2018-03-03,0.0,
2018-03-04,0.0,
2018-03-05,0.0,
2018-03-06,0.0,
2018-03-07,0.0,
2018-03-08,0.0,
2018-03-09,0.0,
2018-03-10,0.0,
2018-03-11,0.0,
2018-03-12,0.0,
2018-03-13,0.0,
2018-03-14,0.0,
2018-03-15,0.0,
2018-03-16,0.0,
2018-03-17,0.0,
2018-03-18,0.0,
2018-03-19,0.0,
2018-03-20,0.0,
2018-03-21,0.0,
2018-03-22,0.0,
2018-03-23,0.0,
2018-03-24,0.0,
2018-03-25,0.0,
2018-03-26,0.0,
2018-03-27,0.0,
2018-03-28,0.0,
2018-03-29,0.0,
2018-03-30,0.0,
2018-03-31,0.0,
2018-04-01,0.0,
2018-04-02,0.0,
2018-04-03,0.0,
2018-04-04,0.0,
2018-04-05,0.0,
2018-04-06,0.0,
2018-04-07,0.0,
2018-04-08,0.0,
2018-04-09,0.0,
2018-04-10,0.006640568542136682,
2018-04-11,0.06085440909994344,
2018-04-12,0.06847611636717699,
2018-04-13,-0.0037879370352812414,
2018-04-14,0.003258855491735213,
2018-04-15,0.04022392041059919,
2018-04-16,0.0012977545549914815,
2018-04-17,-0.005824970231786408,
2018-04-18,0.052338402264826556,
2018-04-19,0.01858295810400401,
2018-04-20,0.04548276074747659,
2018-04-21,-0.017253995191319982,
2018-04-22,0.0021784523001955325,
2018-04-23,0.017735769549555913,
2018-04-24,0.04427107226135929,
2018-04-25,-0.06561078628581585,
2018-04-26,0.05008000054092676,
2018-04-27,-0.012746163545750866,
2018-04-28,0.0572537580338055,
2018-04-29,0.01795605484944196,
2018-04-30,-0.03653708242284448,
2018-05-01,0.026687444901279278,
2018-05-02,0.011039145776670978,
2018-05-03,-0.016211347596867265,
2018-05-04,-0.01225753704936261,
2018-05-05,0.010155979932594317,
2018-05-06,-0.018948353167301035,
2018-05-07,-0.009842274037382137,
2018-05-08,-0.000254510242715833,
2018-05-09,-0.001142576994593858,
2018-05-10,-0.0060577010089063466,
2018-05-11,-0.020946661634521968,
2018-05-12,-0.00494181940521532,
2018-05-13,0.011329628953633764,
2018-05-14,-0.0053120081449368195,
2018-05-15,-0.03742566781816359,
2018-05-16,-0.012481316996085012,
2018-05-17,-0.028221247317331333,
2018-05-18,0.011819054939723017,
2018-05-19,-0.005440713900123462,
2018-05-20,0.03615181222026842,
2018-05-21,-0.02165513941137598,
2018-05-22,-0.017526436942727153,
2018-05-23,-0.02439913223889789,
2018-05-24,0.009734611450605835,
2018-05-25,-0.009669761526928222,
2018-05-26,-0.0035860223188614038,
2018-05-27,-0.0015185329388465174,
2018-05-28,-0.0186095925795009,
2018-05-29,-0.001069163733041889,
2018-05-30,0.0,
2018-05-31,0.0,
2018-06-01,0.0,
2018-06-02,0.0,
2018-06-03,0.0,
2018-06-04,0.0,
2018-06-05,0.0,
2018-06-06,0.0,
2018-06-07,0.0,
2018-06-08,0.0,
2018-06-09,0.0,
2018-06-10,0.0,
2018-06-11,0.0,
2018-06-12,0.0,
2018-06-13,0.0,
2018-06-14,0.0,
2018-06-15,0.0,
2018-06-16,0.0,
2018-06-17,0.0,
2018-06-18,0.0,
2018-06-19,0.0,
2018-06-20,0.0,
2018-06-21,0.0,
2018-06-22,0.0,
2018-06-23,0.0,
2018-06-24,0.0,
2018-06-25,0.0,
2018-06-26,0.0,
2018-06-27,0.0,
2018-06-28,0.0,
2018-06-29,0.0,
2018-06-30,0.0,
2018-07-01,0.0,
2018-07-02,0.0,
2018-07-03,0.0,
2018-07-04,0.0,
2018-07-05,0.0,
2018-07-06,0.0,
2018-07-07,0.0,
2018-07-08,0.0,
2018-07-09,0.0,
2018-07-10,0.0,
2018-07-11,0.0,
2018-07-12,0.0,
2018-07-13,0.0,
2018-07-14,0.0,
2018-07-15,0.0,
2018-07-16,0.0,
2018-07-17,0.0,
2018-07-18,0.0,
2018-07-19,0.0,
2018-07-20,0.0,
2018-07-21,0.0,
2018-07-22,0.0,
2018-07-23,0.0,
2018-07-24,0.0,
2018-07-25,0.0,
2018-07-26,0.0,
2018-07-27,0.0,
2018-07-28,0.0,
2018-07-29,0.0,
2018-07-30,0.0,
2018-07-31,0.0,
2018-08-01,0.0,
2018-08-02,0.0,
2018-08-03,0.0,
2018-08-04,0.0,
2018-08-05,0.0,
2018-08-06,0.0,
2018-08-07,-0.04044137124267633,
2018-08-08,-0.07412377258138259,
2018-08-09,0.036523805883364124,
2018-08-10,-0.038670261568029995,
2018-08-11,-0.01506724672359172,
2018-08-12,0.007885802430944278,
2018-08-13,-0.03255928296627564,
2018-08-14,-0.01569835501080219,
2018-08-15,0.002679417128618855,
2018-08-16,0.003357183610122272,
2018-08-17,0.05180014583202919,
2018-08-18,-0.02836677572216506,
2018-08-19,0.009666600816458537,
2018-08-20,-0.03275880421829325,
2018-08-21,0.014396921070783053,
2018-08-22,-0.01452077141521435,
2018-08-23,0.010402748902258452,
2018-08-24,0.005029596436417316,
2018-08-25,0.0006383652463437528,
2018-08-26,-0.006697970977435963,
2018-08-27,0.01830836826577875,
2018-08-28,0.03145173289603376,
2018-08-29,-0.017682222026310646,
2018-08-30,-0.00673760506336063,
2018-08-31,0.0014808110268618169,
2018-09-01,0.016388486697278104,
2018-09-02,-0.005432237484053193,
2018-09-03,-0.004510149845399658,
2018-09-04,-0.002498245397676291,
2018-09-05,-0.07320241730960719,
2018-09-06,0.020142186247255278,
2018-09-07,-0.021245291568498414,
2018-09-08,-0.021315738389368177,
2018-09-09,0.0116147069791801,
2018-09-10,0.0033048604435801376,
2018-09-11,-0.012522332823519777,
2018-09-12,-0.0031081209938228493,
2018-09-13,0.015431076183312076,
2018-09-14,0.002363785394706719,
2018-09-15,0.0005549181743789156,
2018-09-16,0.0016169145184110612,
2018-09-17,-0.01613123250938875,
2018-09-18,0.009101237768265547,
2018-09-19,0.0028641346417626057,
2018-09-20,0.021760915202655218,
2018-09-21,0.015113176158254582,
2018-09-22,-0.007887677773667057,
2018-09-23,0.0189375388815598,
2018-09-24,-0.014285886814034754,
2018-09-25,-0.0004987028318464981,
2018-09-26,0.0,
2018-09-27,0.0,
2018-09-28,0.0,
2018-09-29,0.0,
2018-09-30,0.0,
2018-10-01,0.0,
2018-10-02,0.0,
2018-10-03,0.0,
2018-10-04,0.0,
2018-10-05,0.0,
2018-10-06,0.0,
2018-10-07,0.0,
2018-10-08,0.0,
2018-10-09,0.0,
2018-10-10,0.0,
2018-10-11,0.0,
2018-10-12,0.0,
2018-10-13,0.0,
2018-10-14,0.0,
2018-10-15,0.0,
2018-10-16,0.0,
2018-10-17,0.0,
2018-10-18,0.0,
2018-10-19,0.0,
2018-10-20,0.0,
2018-10-21,0.0,
2018-10-22,0.0,
2018-10-23,0.0,
2018-10-24,0.0,
2018-10-25,0.0,
2018-10-26,0.0,
2018-10-27,0.0,
2018-10-28,0.0,
2018-10-29,0.0,
2018-10-30,0.0,
2018-10-31,0.0,
2018-11-01,0.0,
2018-11-02,0.0,
2018-11-03,0.0,
2018-11-04,0.0,
2018-11-05,0.0,
2018-11-06,0.007432403005958044,
2018-11-07,-0.002942822585031868,
2018-11-08,0.0003030408173456678,
2018-11-09,-4.6846456750015975e-05,
2018-11-10,0.002209829321285106,
2018-11-11,0.004637950332637253,
2018-11-12,-0.002744957178889673,
2018-11-13,-0.00037625318526968154,
2018-11-14,-0.013587904566050857,
2018-11-15,-0.014543202002636257,
2018-11-16,-0.011332842543506083,
2018-11-17,0.002414585678820247,
2018-11-18,-0.006140500376736302,
2018-11-19,-0.01966544863984121,
2018-11-20,-0.03006573201382645,
2018-11-21,0.006555828021788113,
2018-11-22,-0.021076087439709124,
2018-11-23,0.0028466782757767817,
2018-11-24,-0.03066513660971293,
2018-11-25,0.008223452380198504,
2018-11-26,-0.01614331860807705,
2018-11-27,-0.00164101896563551,
2018-11-28,0.0,
2018-11-29,0.0,
2018-11-30,0.0,
2018-12-01,0.0,
2018-12-02,0.0,
2018-12-03,0.0,
2018-12-04,0.0,
2018-12-05,0.0,
2018-12-06,0.0,
2018-12-07,0.0,
2018-12-08,0.0,
2018-12-09,0.0,
2018-12-10,0.0,
2018-12-11,0.0,
2018-12-12,0.0,
2018-12-13,0.0,
2018-12-14,0.0,
2018-12-15,0.0,
2018-12-16,0.0,
2018-12-17,0.0,
2018-12-18,0.0,
2018-12-19,0.0,
2018-12-20,0.0,
2018-12-21,0.0,
2018-12-22,0.0,
2018-12-23,0.0,
2018-12-24,0.0,
2018-12-25,0.0,
2018-12-26,0.0,
2018-12-27,0.0,
2018-12-28,0.0,
2018-12-29,0.0,
2018-12-30,0.0,
2018-12-31,0.0,
2019-01-01,0.0,
2019-01-02,0.0,
2019-01-03,0.0,
2019-01-04,0.0,
2019-01-05,0.0,
2019-01-06,0.0,
2019-01-07,0.0,
2019-01-08,0.0,
2019-01-09,0.0,
2019-01-10,0.0,
2019-01-11,0.0,
2019-01-12,0.0,
2019-01-13,0.0,
2019-01-14,0.0,
2019-01-15,0.0,
2019-01-16,0.0,
2019-01-17,0.0,
2019-01-18,0.0,
2019-01-19,0.0,
2019-01-20,0.0,
2019-01-21,0.0,
2019-01-22,0.0,
2019-01-23,0.0,
2019-01-24,0.0,
2019-01-25,0.0,
2019-01-26,0.0,
2019-01-27,0.0,
2019-01-28,0.0,
2019-01-29,0.0,
2019-01-30,0.0,
2019-01-31,0.0,
2019-02-01,0.0,
2019-02-02,0.0,
2019-02-03,0.0,
2019-02-04,0.0,
2019-02-05,-0.002402700232424615,
2019-02-06,-0.006245859658776998,
2019-02-07,0.0005316332475817642,
2019-02-08,0.033877513849478236,
2019-02-09,0.001649140198344723,
2019-02-10,0.0030930362736962813,
2019-02-11,-0.013031544992384902,
2019-02-12,0.0038679897018825127,
2019-02-13,-0.008561605334241107,
2019-02-14,-0.001426109147074972,
2019-02-15,0.005489667247754015,
2019-02-16,0.003924939922623549,
2019-02-17,0.008845048567986291,
2019-02-18,0.02335631056469545,
2019-02-19,-0.0016958975673381227,
2019-02-20,0.010521074829980437,
2019-02-21,-0.006809946601475048,
2019-02-22,0.005160367960259871,
2019-02-23,0.01086711212521263,
2019-02-24,-0.02700612416326975,
2019-02-25,0.005379822912247256,
2019-02-26,-0.003966321489075941,
2019-02-27,-0.0017015202515689998,
2019-02-28,0.0025022563920091834,
2019-03-01,0.0009632545191573527,
2019-03-02,0.001095718451200156,
2019-03-03,-0.00014740964921211575,
2019-03-04,-0.012556776733838038,
2019-03-05,0.02090954779451959,
2019-03-06,0.006905392378919073,
2019-03-07,0.001876539598932192,
2019-03-08,-0.0044115994760500765,
2019-03-09,0.0051992110583483075,
2019-03-10,-0.003081533185391616,
2019-03-11,-0.004458705126358042,
2019-03-12,0.0033685130417344666,
2019-03-13,-0.0018879658553018208,
2019-03-14,0.0008336047007566627,
2019-03-15,0.00406113037818856,
2019-03-16,0.005065750953727743,
2019-03-17,-0.000977142898164085,
2019-03-18,-0.0017311567734603628,
2019-03-19,-0.005954930845571305,
2019-03-20,0.000260252419815421,
2019-03-21,-0.015162638607273071,
2019-03-22,0.005116703107637122,
2019-03-23,0.0152190926167306,
2019-03-24,-0.009308863090166652,
2019-03-25,-0.012025832748151832,
2019-03-26,-0.0010139408472542577,
2019-03-27,0.0,
2019-03-28,0.0,
2019-03-29,0.0,
2019-03-30,0.0,
2019-03-31,0.0,
2019-04-01,0.0,
2019-04-02,0.0,
2019-04-03,0.0,
2019-04-04,0.0,
2019-04-05,0.0,
2019-04-06,0.0,
2019-04-07,0.0,
2019-04-08,0.0,
2019-04-09,0.0,
2019-04-10,0.0,
2019-04-11,0.0,
2019-04-12,0.0,
2019-04-13,0.0,
2019-04-14,0.0,
2019-04-15,0.0,
2019-04-16,0.0,
2019-04-17,0.0,
2019-04-18,0.0,
2019-04-19,0.0,
2019-04-20,0.0,
2019-04-21,0.0,
2019-04-22,0.0,
2019-04-23,0.0,
2019-04-24,0.0,
2019-04-25,0.0,
2019-04-26,0.0,
2019-04-27,0.0,
2019-04-28,0.0,
2019-04-29,0.0,
2019-04-30,0.0,
2019-05-01,0.0,
2019-05-02,0.0,
2019-05-03,0.0,
2019-05-04,0.0,
2019-05-05,0.0,
2019-05-06,0.0,
2019-05-07,0.0,
2019-05-08,0.0,
2019-05-09,0.0,
2019-05-10,0.0,
2019-05-11,0.0,
2019-05-12,0.0,
2019-05-13,0.0,
2019-05-14,0.0,
2019-05-15,0.0,
2019-05-16,0.0,
2019-05-17,0.0,
2019-05-18,0.0,
2019-05-19,0.0,
2019-05-20,0.0,
2019-05-21,0.0,
2019-05-22,0.0,
2019-05-23,0.0,
2019-05-24,0.0,
2019-05-25,0.0,
2019-05-26,0.0,
2019-05-27,0.0,
2019-05-28,0.0,
2019-05-29,0.0,
2019-05-30,0.0,
2019-05-31,0.0,
2019-06-01,0.0,
2019-06-02,0.0,
2019-06-03,0.0,
2019-06-04,-0.021269243105022317,
2019-06-05,0.008239391156440012,
2019-06-06,0.004008158108437909,
2019-06-07,0.0037832102192445483,
2019-06-08,-0.004424594920001468,
2019-06-09,-0.012237616820778618,
2019-06-10,0.012541728900407723,
2019-06-11,0.004594932872148405,
2019-06-12,0.009774320973035211,
2019-06-13,-0.003143235008752021,
2019-06-14,-0.006048538912674206,
2019-06-15,0.0049270832922587715,
2019-06-16,-0.0023852827934570664,
2019-06-17,0.002300804346073715,
2019-06-18,-0.008821185291485678,
2019-06-19,0.0031247138507153327,
2019-06-20,-0.003206221611770421,
2019-06-21,0.004006536097845181,
2019-06-22,0.011524901267399246,
2019-06-23,0.0017868667615499323,
2019-06-24,0.00125611973498585,
2019-06-25,-0.00017752759254274775,
2019-06-26,0.0,
2019-06-27,0.0,
2019-06-28,0.0,
2019-06-29,0.0,
2019-06-30,0.0,
2019-07-01,0.0,
2019-07-02,0.0,
2019-07-03,0.0,
2019-07-04,0.0,
2019-07-05,0.0,
2019-07-06,0.0,
2019-07-07,0.0,
2019-07-08,0.0,
2019-07-09,0.0,
2019-07-10,0.0,
2019-07-11,0.0,
2019-07-12,0.0,
2019-07-13,0.0,
2019-07-14,0.0,
2019-07-15,0.0,
2019-07-16,0.0,
2019-07-17,0.0,
2019-07-18,0.0,
2019-07-19,0.0,
2019-07-20,0.0,
2019-07-21,0.0,
2019-07-22,0.0,
2019-07-23,0.0,
2019-07-24,0.0,
2019-07-25,0.0,
2019-07-26,0.0,
2019-07-27,0.0,
2019-07-28,0.0,
2019-07-29,0.0,
2019-07-30,0.0,
2019-07-31,0.0,
2019-08-01,0.0,
2019-08-02,0.0,
2019-08-03,0.0,
2019-08-04,0.0,
2019-08-05,0.0,
2019-08-06,-0.015358607529358914,
2019-08-07,0.003231590115768901,
2019-08-08,-0.002186667713471202,
2019-08-09,-0.019928784448158487,
2019-08-10,0.0023159147363114307,
2019-08-11,0.015582195677173338,
2019-08-12,-0.008962226337868029,
2019-08-13,-0.007817081148404625,
2019-08-14,-0.04093711655522714,
2019-08-15,0.009046557277315515,
2019-08-16,-0.0035930616898202095,
2019-08-17,-0.003352219669609191,
2019-08-18,0.009347437429498173,
2019-08-19,0.015347400956674306,
2019-08-20,-0.010976444976301125,
2019-08-21,-0.019875314229728325,
2019-08-22,0.006121573635102573,
2019-08-23,0.0046115688002861255,
2019-08-24,-0.011014455479047558,
2019-08-25,-0.0012411112094240506,
2019-08-26,0.005432667400325997,
2019-08-27,-0.0007094039881074821,
2019-08-28,0.0,
2019-08-29,0.0,
2019-08-30,0.0,
2019-08-31,0.0,
2019-09-01,0.0,
2019-09-02,0.0,
2019-09-03,0.00285420971577377,
2019-09-04,-0.001327816393977832,
2019-09-05,-0.0011633473995162902,
2019-09-06,-0.00401964088903306,
2019-09-07,0.004611253205744514,
2019-09-08,0.0001563861144411316,
2019-09-09,-0.0021129908976301737,
2019-09-10,-0.0046004803280952355,
2019-09-11,-0.00178149225387636,
2019-09-12,0.0017681786983876346,
2019-09-13,-0.0005262169181268206,
2019-09-14,0.01066094870487544,
2019-09-15,0.0003034300168742732,
2019-09-16,6.697299425839631e-05,
2019-09-17,0.0051365691348066456,
2019-09-18,0.0014296910200708446,
2019-09-19,0.0025837274932700716,
2019-09-20,-0.0007107883544049676,
2019-09-21,-0.0015672413350606984,
2019-09-22,-0.006723520081299061,
2019-09-23,-0.007870001186662146,
2019-09-24,-0.00045660666038582765,
2019-09-25,0.0,
2019-09-26,0.0,
2019-09-27,0.0,
2019-09-28,0.0,
2019-09-29,0.0,
2019-09-30,0.0,
2019-10-01,0.0,
2019-10-02,0.0,
2019-10-03,0.0,
2019-10-04,0.0,
2019-10-05,0.0,
2019-10-06,0.0,
2019-10-07,0.0,
2019-10-08,0.000704161955704663,
2019-10-09,0.012069220026368122,
2019-10-10,-0.011412526216471375,
2019-10-11,-0.011131523243531727,
2019-10-12,0.006296444646237687,
2019-10-13,0.0037321613437288903,
2019-10-14,0.023845698661482784,
2019-10-15,-0.008090298830660814,
2019-10-16,-0.01394711807135618,
2019-10-17,0.01842521007021336,
2019-10-18,-0.009153524742353425,
2019-10-19,-0.0025852066992774203,
2019-10-20,0.004933617062107043,
2019-10-21,-0.0005863556938584535,
2019-10-22,-0.007063870675056094,
2019-10-23,-0.016674826887899563,
2019-10-24,0.010389956295256964,
2019-10-25,0.03539717163774414,
2019-10-26,0.005387861556738205,
2019-10-27,0.0039821690479493466,
2019-10-28,0.00012531119602510188,
2019-10-29,-8.050661257885672e-05,
2019-10-30,0.0,
2019-10-31,0.0,
2019-11-01,0.0,
2019-11-02,0.0,
2019-11-03,0.0,
2019-11-04,0.0,
2019-11-05,0.0,
2019-11-06,0.0,
2019-11-07,0.0,
2019-11-08,0.0,
2019-11-09,0.0,
2019-11-10,0.0,
2019-11-11,0.0,
2019-11-12,0.0008546679644094723,
2019-11-13,-0.0018584800564778181,
2019-11-14,-0.004777368522610903,
2019-11-15,-0.0037820596771598325,
2019-11-16,0.0012626864670681748,
2019-11-17,0.0006061696690520257,
2019-11-18,-0.011800447168383355,
2019-11-19,-0.007160426759074245,
2019-11-20,-0.0036905586627533626,
2019-11-21,-0.023452901766232603,
2019-11-22,-0.020813769176613706,
2019-11-23,0.008722102892905426,
2019-11-24,-0.02578072195064407,
2019-11-25,0.008898302724961171,
2019-11-26,-0.0013677892890427978,
2019-11-27,0.0,
2019-11-28,0.0,
2019-11-29,0.0,
2019-11-30,0.0,
2019-12-01,0.0,
2019-12-02,0.0,
2019-12-03,0.0,
2019-12-04,0.0,
2019-12-05,0.0,
2019-12-06,0.0,
2019-12-07,0.0,
2019-12-08,0.0,
2019-12-09,0.0,
2019-12-10,0.0,
2019-12-11,0.0,
2019-12-12,0.0,
2019-12-13,0.0,
2019-12-14,0.0,
2019-12-15,0.0,
2019-12-16,0.0,
2019-12-17,0.0,
2019-12-18,0.0,
2019-12-19,0.0,
2019-12-20,0.0,
2019-12-21,0.0,
2019-12-22,0.0,
2019-12-23,0.0,
2019-12-24,0.0,
2019-12-25,0.0,
2019-12-26,0.0,
2019-12-27,0.0,
2019-12-28,0.0,
2019-12-29,0.0,
2019-12-30,0.0,
2019-12-31,0.0,
2020-01-01,0.0,
2020-01-02,0.0,
2020-01-03,0.0,
2020-01-04,0.0,
2020-01-05,0.0,
2020-01-06,0.0,
2020-01-07,0.0008401168953957594,
2020-01-08,-0.006849035507536461,
2020-01-09,-0.0026409040948837115,
2020-01-10,0.022657718082700562,
2020-01-11,0.0017920415689347546,
2020-01-12,0.0160369649646519,
2020-01-13,-0.009008784397523173,
2020-01-14,0.280291330211917,
2020-01-15,-0.0432387588443679,
2020-01-16,0.0003068074566652257,
2020-01-17,-0.005087081523030168,
2020-01-18,-0.02638001407592039,
2020-01-19,0.0054647529291036445,
2020-01-20,0.015665986262054066,
2020-01-21,0.004543498538997381,
2020-01-22,-0.0017844608668815543,
2020-01-23,-0.03859891383032221,
2020-01-24,0.0013588937129018763,
2020-01-25,-0.007079546939730341,
2020-01-26,0.027753711522858993,
2020-01-27,0.02683615208172463,
2020-01-28,-0.001568152948190904,
2020-01-29,0.0,
2020-01-30,0.0,
2020-01-31,0.0,
2020-02-01,0.0,
2020-02-02,0.0,
2020-02-03,0.0,
2020-02-04,-0.006847600869871906,
2020-02-05,0.04385679968832257,
2020-02-06,0.0030712107755297424,
2020-02-07,0.0009939804510532557,
2020-02-08,0.022524056765547806,
2020-02-09,0.00995685160244153,
2020-02-10,-0.00548082455816068,
2020-02-11,0.0007735666542878494,
2020-02-12,0.0025806300676298743,
2020-02-13,0.00020000172292267138,
2020-02-14,0.0034759250956144516,
2020-02-15,-0.011030377424355642,
2020-02-16,-0.004979565923142637,
2020-02-17,-0.0010116155250693426,
2020-02-18,0.013332352186168572,
2020-02-19,-0.023411091667400297,
2020-02-20,-0.004866569922136299,
2020-02-21,0.009555179403323288,
2020-02-22,0.0012334202298851515,
2020-02-23,0.013513583267132478,
2020-02-24,-0.012217631195275414,
2020-02-25,-0.0011648531169362597,
2020-02-26,0.0,
2020-02-27,0.0,
2020-02-28,0.0,
2020-02-29,0.0,
2020-03-01,0.0,
2020-03-02,0.0,
2020-03-03,-0.0035443174026648094,
2020-03-04,-0.0001297384095416687,
2020-03-05,0.0017105535273582717,
2020-03-06,0.007108037438802839,
2020-03-07,-0.00257725164057121,
2020-03-08,-0.015841922904583194,
2020-03-09,0.000440617435206736,
2020-03-10,-0.00019700877172446063,
2020-03-11,0.00038627685838354964,
2020-03-12,-0.04043531148326396,
2020-03-13,0.016005401240890116,
2020-03-14,-0.005441897674047236,
2020-03-15,0.0032210593818318145,
2020-03-16,-0.006693195357574844,
2020-03-17,0.02160410606474783,
2020-03-18,0.00022753530185992688,
2020-03-19,0.06090193286551249,
2020-03-20,-0.011621215975497923,
2020-03-21,0.005804914384071713,
2020-03-22,-0.02485317820112054,
2020-03-23,0.033892832919877325,
2020-03-24,-8.391461494339225e-06,
2020-03-25,0.0,
2020-03-26,0.0,
2020-03-27,0.0,
2020-03-28,0.0,
2020-03-29,0.0,
2020-03-30,0.0,
2020-03-31,0.0,
2020-04-01,0.0,
2020-04-02,0.0,
2020-04-03,0.0,
2020-04-04,0.0,
2020-04-05,0.0,
2020-04-06,0.0,
2020-04-07,0.0,
2020-04-08,0.0,
2020-04-09,0.0,
2020-04-10,0.0,
2020-04-11,0.0,
2020-04-12,0.0,
2020-04-13,0.0,
2020-04-14,0.00622625276753852,
2020-04-15,-0.024142684052411045,
2020-04-16,0.05477748368142388,
2020-04-17,-0.004511234705516398,
2020-04-18,0.04091626171159368,
2020-04-19,-0.016773245948084825,
2020-04-20,-0.02973926128192894,
2020-04-21,0.0019932955525288065,
2020-04-22,0.03021038653296748,
2020-04-23,0.018675069119986842,
2020-04-24,0.018612762547386863,
2020-04-25,0.016141914754404407,
2020-04-26,-0.0023593537450663504,
2020-04-27,-0.0014236752321036272,
2020-04-28,-0.001788347358682496,
2020-04-29,0.0,
2020-04-30,0.0,
2020-05-01,0.0,
2020-05-02,0.0,
2020-05-03,0.0,
2020-05-04,0.0,
2020-05-05,-0.00173155133375813,
2020-05-06,-0.0032490214787518346,
2020-05-07,0.017065872944994398,
2020-05-08,-0.0006685181430787779,
2020-05-09,-0.0006034966225820781,
2020-05-10,-0.028574134350505265,
2020-05-11,-0.00788379581338694,
2020-05-12,0.001010738629976915,
2020-05-13,0.011219909724344834,
2020-05-14,0.00406817311752139,
2020-05-15,-0.009877212957607129,
2020-05-16,0.005849116403661148,
2020-05-17,0.006763382626279402,
2020-05-18,0.008646564921397815,
2020-05-19,-0.0007375522143041602,
2020-05-20,-0.002758764692384341,
2020-05-21,-0.008243410221066783,
2020-05-22,0.006154191219347904,
2020-05-23,-0.0001918164258061239,
2020-05-24,-0.0035087230769380584,
2020-05-25,0.0016648957241300888,
2020-05-26,-0.00039194798344266424,
2020-05-27,0.0,
2020-05-28,0.0,
2020-05-29,0.0,
2020-05-30,0.0,
2020-05-31,0.0,
2020-06-01,0.0,
2020-06-02,-0.016241014565017253,
2020-06-03,0.0045179705569626805,
2020-06-04,0.0024424602814434593,
2020-06-05,0.00044394340383746567,
2020-06-06,0.0001609408198668394,
2020-06-07,0.002195994194664763,
2020-06-08,0.00030762188083821584,
2020-06-09,-0.0016649386554260515,
2020-06-10,0.00234638470523052,
2020-06-11,-0.010182001411181196,
2020-06-12,0.0039043465460324445,
2020-06-13,0.000530207120467141,
2020-06-14,-0.0035416854985651502,
2020-06-15,-0.0014031143118216072,
2020-06-16,0.0038685166541705396,
2020-06-17,-0.00019576098996398894,
2020-06-18,-0.0034965479189925652,
2020-06-19,-0.004011709923316231,
2020-06-20,0.0006504094625310319,
2020-06-21,-0.002946873735644173,
2020-06-22,0.01820655878533195,
2020-06-23,-0.0005309719502227805,
2020-06-24,0.0,
2020-06-25,0.0,
2020-06-26,0.0,
2020-06-27,0.0,
2020-06-28,0.0,
2020-06-29,0.0,
2020-06-30,0.0,
2020-07-01,0.0,
2020-07-02,0.0,
2020-07-03,0.0,
2020-07-04,0.0,
2020-07-05,0.0,
2020-07-06,0.0,
2020-07-07,0.0,
2020-07-08,0.0,
2020-07-09,0.0,
2020-07-10,0.0,
2020-07-11,0.0,
2020-07-12,0.0,
2020-07-13,0.0,
2020-07-14,0.0,
2020-07-15,0.0,
2020-07-16,0.0,
2020-07-17,0.0,
2020-07-18,0.0,
2020-07-19,0.0,
2020-07-20,0.0,
2020-07-21,0.0,
2020-07-22,0.0,
2020-07-23,0.0,
2020-07-24,0.0,
2020-07-25,0.0,
2020-07-26,0.0,
2020-07-27,0.0,
2020-07-28,0.0,
2020-07-29,0.0,
2020-07-30,0.0,
2020-07-31,0.0,
2020-08-01,0.0,
2020-08-02,0.0,
2020-08-03,0.0,
2020-08-04,0.0,
2020-08-05,0.0,
2020-08-06,0.0,
2020-08-07,0.0,
2020-08-08,0.0,
2020-08-09,0.0,
2020-08-10,0.0,
2020-08-11,0.0,
2020-08-12,0.0,
2020-08-13,0.0,
2020-08-14,0.0,
2020-08-15,0.0,
2020-08-16,0.0,
2020-08-17,0.0,
2020-08-18,0.0,
2020-08-19,0.0,
2020-08-20,0.0,
2020-08-21,0.0,
2020-08-22,0.0,
2020-08-23,0.0,
2020-08-24,0.0,
2020-08-25,0.0,
2020-08-26,0.0,
2020-08-27,0.0,
2020-08-28,0.0,
2020-08-29,0.0,
2020-08-30,0.0,
2020-08-31,0.0,
2020-09-01,0.0,
2020-09-02,0.0,
2020-09-03,0.0,
2020-09-04,0.0,
2020-09-05,0.0,
2020-09-06,0.0,
2020-09-07,0.0,
2020-09-08,-0.0038825435056846214,
2020-09-09,0.01141644949062015,
2020-09-10,0.0038282599865426814,
2020-09-11,0.011462042684229568,
2020-09-12,0.017507934137340087,
2020-09-13,0.002803565267863739,
2020-09-14,0.008646692378207366,
2020-09-15,-0.0164048564215985,
2020-09-16,0.0032022893400043273,
2020-09-17,0.0018922215560230882,
2020-09-18,-0.0006139339919749576,
2020-09-19,0.0012788989183289967,
2020-09-20,-0.006025421118276975,
2020-09-21,-0.01997562305824785,
2020-09-22,0.006484279043862395,
2020-09-23,-0.02830187953009855,
2020-09-24,0.03671656739089513,
2020-09-25,0.007585422761388294,
2020-09-26,0.008154849604089964,
2020-09-27,0.0017633623351134275,
2020-09-28,-0.0004467774065262109,
2020-09-29,-0.0014513176343489143,
2020-09-30,0.0,
2020-10-01,0.0,
2020-10-02,0.0,
2020-10-03,0.0,
2020-10-04,0.0,
2020-10-05,0.0,
2020-10-06,0.0,
2020-10-07,0.0,
2020-10-08,0.0,
2020-10-09,0.0,
2020-10-10,0.0,
2020-10-11,0.0,
2020-10-12,0.0,
2020-10-13,0.0,
2020-10-14,0.0,
2020-10-15,0.0,
2020-10-16,0.0,
2020-10-17,0.0,
2020-10-18,0.0,
2020-10-19,0.0,
2020-10-20,0.0,
2020-10-21,0.0,
2020-10-22,0.0,
2020-10-23,0.0,
2020-10-24,0.0,
2020-10-25,0.0,
2020-10-26,0.0,
2020-10-27,0.0,
2020-10-28,0.0,
2020-10-29,0.0,
2020-10-30,0.0,
2020-10-31,0.0,
2020-11-01,0.0,
2020-11-02,0.0,
2020-11-03,0.0,
2020-11-04,0.0,
2020-11-05,0.0,
2020-11-06,0.0,
2020-11-07,0.0,
2020-11-08,0.0,
2020-11-09,0.0,
2020-11-10,0.0,
2020-11-11,0.0,
2020-11-12,0.0,
2020-11-13,0.0,
2020-11-14,0.0,
2020-11-15,0.0,
2020-11-16,0.0,
2020-11-17,0.0,
2020-11-18,0.0,
2020-11-19,0.0,
2020-11-20,0.0,
2020-11-21,0.0,
2020-11-22,0.0,
2020-11-23,0.0,
2020-11-24,0.0,
2020-11-25,0.0,
2020-11-26,0.0,
2020-11-27,0.0,
2020-11-28,0.0,
2020-11-29,0.0,
2020-11-30,0.0,
2020-12-01,0.0,
2020-12-02,0.0,
2020-12-03,0.0,
2020-12-04,0.0,
2020-12-05,0.0,
2020-12-06,0.0,
2020-12-07,0.0,
2020-12-08,0.0,
2020-12-09,0.0,
2020-12-10,0.0,
2020-12-11,0.0,
2020-12-12,0.0,
2020-12-13,0.0,
2020-12-14,0.0,
2020-12-15,0.0,
2020-12-16,0.0,
2020-12-17,0.0,
2020-12-18,0.0,
2020-12-19,0.0,
2020-12-20,0.0,
2020-12-21,0.0,
2020-12-22,0.0,
2020-12-23,0.0,
2020-12-24,0.0,
2020-12-25,0.0,
2020-12-26,0.0,
2020-12-27,0.0,
2020-12-28,0.0,
2020-12-29,0.0,
2020-12-30,0.0,
2020-12-31,0.0,
2021-01-01,,0.0
2021-01-02,,0.0
2021-01-03,,0.0
2021-01-04,,0.0
2021-01-05,,0.03240201610378479
2021-01-06,,0.05982880283310066
2021-01-07,,0.0022712000688696055
2021-01-08,,0.00021651973546354952
2021-01-09,,0.051949689312048575
2021-01-10,,-0.014836653661633559
2021-01-11,,-0.06754338514544111
2021-01-12,,-0.01789695700098104
2021-01-13,,0.07689402090652497
2021-01-14,,0.051276707396240795
2021-01-15,,-0.03274359200203136
2021-01-16,,0.06175117131788599
2021-01-17,,-0.005794335068995737
2021-01-18,,0.010387157689627502
2021-01-19,,0.001991715997235577
2021-01-20,,0.01851456257751316
2021-01-21,,-0.07739261046882662
2021-01-22,,0.059981407643513895
2021-01-23,,0.033945763912913485
2021-01-24,,0.011138683818518125
2021-01-25,,-0.022258114584163935
2021-01-26,,-0.0034204244526818695
2021-01-27,,0.0
2021-01-28,,0.0
2021-01-29,,0.0
2021-01-30,,0.0
2021-01-31,,0.0
2021-02-01,,0.0
2021-02-02,,0.009215840107282602
2021-02-03,,0.03077025477683737
2021-02-04,,-0.0010544984897771226
2021-02-05,,0.041629163873628805
2021-02-06,,-0.006434967389652768
2021-02-07,,-0.009790236307875677
2021-02-08,,0.0357237421251948
2021-02-09,,0.03971984932121386
2021-02-10,,0.026280196482814988
2021-02-11,,9.498511320105152e-05
2021-02-12,,0.026770398687401276
2021-02-13,,0.0007245024752007279
2021-02-14,,-0.0026221982725364024
2021-02-15,,-0.013408361267680746
2021-02-16,,-0.004735331659225128
2021-02-17,,0.028847260945269015
2021-02-18,,0.0191008916763864
2021-02-19,,0.0755380778256951
2021-02-20,,-0.03187610018131837
2021-02-21,,0.02078834195604462
2021-02-22,,-0.004965218593175225
2021-02-23,,-0.00174132055207743
2021-02-24,,0.0
2021-02-25,,0.0
2021-02-26,,0.0
2021-02-27,,0.0
2021-02-28,,0.0
2021-03-01,,0.0
2021-03-02,,0.0
2021-03-03,,0.0
2021-03-04,,0.0
2021-03-05,,0.0
2021-03-06,,0.0
2021-03-07,,0.0
2021-03-08,,0.0
2021-03-09,,0.03560402473272517
2021-03-10,,-0.008758589437888653
2021-03-11,,0.005504426012894248
2021-03-12,,-0.014051064723443418
2021-03-13,,0.008037247089654365
2021-03-14,,-0.006262335606387781
2021-03-15,,-0.006789012870421773
2021-03-16,,-0.00043202837747269296
2021-03-17,,0.0021394033512447397
2021-03-18,,-0.0030606964170107887
2021-03-19,,0.00015890221064607246
2021-03-20,,4.080391281724438e-05
2021-03-21,,-0.0022821057512693033
2021-03-22,,-0.005005858781687356
2021-03-23,,0.00023696601711331589
2021-03-24,,-0.026328880246970665
2021-03-25,,0.0031890955951541233
2021-03-26,,0.028285474799405685
2021-03-27,,-0.0010013857473831766
2021-03-28,,-0.002534933196650324
2021-03-29,,0.020915227501242528
2021-03-30,,0.011276772648393996
2021-03-31,,-0.0011714419552734112
2021-04-01,,0.011968365056018504
2021-04-02,,0.01023129077917484
2021-04-03,,-0.009218747288217144
2021-04-04,,0.020064965259146472
2021-04-05,,0.07528816101142377
2021-04-06,,0.006760344328089252
2021-04-07,,-0.013010972398949217
2021-04-08,,0.014154073705336279
2021-04-09,,0.0068785277835134995
2021-04-10,,0.006089641883947339
2021-04-11,,0.010809632623915322
2021-04-12,,0.012323935312970491
2021-04-13,,0.012472865219824936
2021-04-14,,0.0004762686699839591
2021-04-15,,-0.004392025578402903
2021-04-16,,-0.017992712217330675
2021-04-17,,0.0005454868592442708
2021-04-18,,-0.015566675391452733
2021-04-19,,-0.0018840529923053184
2021-04-20,,0.03122191332162605
2021-04-21,,-0.024610804178612722
2021-04-22,,-0.02828557454470726
2021-04-23,,-0.00048532102401166455
2021-04-24,,-0.03904680180424491
2021-04-25,,-0.0011238004095688314
2021-04-26,,0.07823889266315254
2021-04-27,,-0.002602417368960941
2021-04-28,,0.0
2021-04-29,,0.0
2021-04-30,,0.0
2021-05-01,,0.0
2021-05-02,,0.0
2021-05-03,,0.0
2021-05-04,,0.0
2021-05-05,,0.0
2021-05-06,,0.0
2021-05-07,,0.0
2021-05-08,,0.0
2021-05-09,,0.0
2021-05-10,,0.0
2021-05-11,,0.0
2021-05-12,,0.0
2021-05-13,,0.0
2021-05-14,,0.0
2021-05-15,,0.0
2021-05-16,,0.0
2021-05-17,,0.0
2021-05-18,,0.0
2021-05-19,,0.0
2021-05-20,,0.0
2021-05-21,,0.0
2021-05-22,,0.0
2021-05-23,,0.0
2021-05-24,,0.0
2021-05-25,,0.0
2021-05-26,,0.0
2021-05-27,,0.0
2021-05-28,,0.0
2021-05-29,,0.0
2021-05-30,,0.0
2021-05-31,,0.0
2021-06-01,,0.0
2021-06-02,,0.0
2021-06-03,,0.0
2021-06-04,,0.0
2021-06-05,,0.0
2021-06-06,,0.0
2021-06-07,,0.0
2021-06-08,,0.0
2021-06-09,,0.0
2021-06-10,,0.0
2021-06-11,,0.0
2021-06-12,,0.0
2021-06-13,,0.0
2021-06-14,,0.0
2021-06-15,,0.0
2021-06-16,,0.0
2021-06-17,,0.0
2021-06-18,,0.0
2021-06-19,,0.0
2021-06-20,,0.0
2021-06-21,,0.0
2021-06-22,,0.0
2021-06-23,,0.0
2021-06-24,,0.0
2021-06-25,,0.0
2021-06-26,,0.0
2021-06-27,,0.0
2021-06-28,,0.0
2021-06-29,,0.0
2021-06-30,,0.0
2021-07-01,,0.0
2021-07-02,,0.0
2021-07-03,,0.0
2021-07-04,,0.0
2021-07-05,,0.0
2021-07-06,,0.016308851161382476
2021-07-07,,0.0017391046035750701
2021-07-08,,-0.01855594423991791
2021-07-09,,0.006915612718167763
2021-07-10,,-0.005615385251413807
2021-07-11,,0.004948422690335574
2021-07-12,,-0.008878684963595895
2021-07-13,,-0.021140859383092847
2021-07-14,,-0.0029625866382099186
2021-07-15,,-0.01574608123561072
2021-07-16,,-0.01713124980595604
2021-07-17,,0.00499101952685832
2021-07-18,,0.0024593922935631785
2021-07-19,,-0.024341720858340854
2021-07-20,,-0.031059209060900206
2021-07-21,,0.051596733317847976
2021-07-22,,0.012045967248659473
2021-07-23,,0.012501449691623812
2021-07-24,,0.0022990624781931146
2021-07-25,,-0.0003683972706923777
2021-07-26,,0.008990438477814777
2021-07-27,,-0.0009878957966886759
2021-07-28,,0.0
2021-07-29,,0.0
2021-07-30,,0.0
2021-07-31,,0.0
2021-08-01,,0.0
2021-08-02,,0.0
2021-08-03,,-0.015452028056161526
2021-08-04,,0.032704211957618634
2021-08-05,,0.015742149188336718
2021-08-06,,0.01807889602824453
2021-08-07,,0.028087423855379656
2021-08-08,,-0.024768452869569635
2021-08-09,,0.030593182549512044
2021-08-10,,-0.0005664595809732331
2021-08-11,,0.006699513430076243
2021-08-12,,-0.01538941216033507
2021-08-13,,0.04039375620151464
2021-08-14,,-0.004752941685035705
2021-08-15,,0.0028602929398533483
2021-08-16,,-0.007138015292109001
2021-08-17,,-0.04914640791911318
2021-08-18,,0.02951287612271636
2021-08-19,,0.05156726891297647
2021-08-20,,0.01916642434580096
2021-08-21,,-0.009760877442026472
2021-08-22,,0.014883609273634635
2021-08-23,,0.018287097275422326
2021-08-24,,-0.0012932338018588618
2021-08-25,,0.0
2021-08-26,,0.0
2021-08-27,,0.0
2021-08-28,,0.0
2021-08-29,,0.0
2021-08-30,,0.0
2021-08-31,,0.0
2021-09-01,,0.0
2021-09-02,,0.0
2021-09-03,,0.0
2021-09-04,,0.0
2021-09-05,,0.0
2021-09-06,,0.0
2021-09-07,,-0.06639746624430276
2021-09-08,,-0.005658395991208209
2021-09-09,,0.014556556388775288
2021-09-10,,-0.018730192965570325
2021-09-11,,0.03342929689438745
2021-09-12,,0.024413931299908986
2021-09-13,,-0.020738702506634787
2021-09-14,,0.013958217601482303
2021-09-15,,6.375912104661374e-05
2021-09-16,,-0.003463734899619375
2021-09-17,,-0.017200902666529294
2021-09-18,,0.010925175164817613
2021-09-19,,-0.008830503305284565
2021-09-20,,-0.0363894802100021
2021-09-21,,-0.028266167026903988
2021-09-22,,0.05673301543625042
2021-09-23,,0.016650120189535045
2021-09-24,,-0.027772653263912206
2021-09-25,,-0.0034284537179666286
2021-09-26,,-0.00028809761875503437
2021-09-27,,-0.013244711346690252
2021-09-28,,-0.0031388711199260566
2021-09-29,,0.0
2021-09-30,,0.0
2021-10-01,,0.0
2021-10-02,,0.0
2021-10-03,,0.0
2021-10-04,,0.0
2021-10-05,,0.0
2021-10-06,,0.0
2021-10-07,,0.0
2021-10-08,,0.0
2021-10-09,,0.0
2021-10-10,,0.0
2021-10-11,,0.0
2021-10-12,,0.0
2021-10-13,,0.0
2021-10-14,,0.0
2021-10-15,,0.0
2021-10-16,,0.0
2021-10-17,,0.0
2021-10-18,,0.0
2021-10-19,,0.0
2021-10-20,,0.0
2021-10-21,,0.0
2021-10-22,,0.0
2021-10-23,,0.0
2021-10-24,,0.0
2021-10-25,,0.0
2021-10-26,,0.0
2021-10-27,,0.0
2021-10-28,,0.0
2021-10-29,,0.0
2021-10-30,,0.0
2021-10-31,,0.0
2021-11-01,,0.0
2021-11-02,,0.0
2021-11-03,,0.0
2021-11-04,,0.0
2021-11-05,,0.0
2021-11-06,,0.0
2021-11-07,,0.0
2021-11-08,,0.0
2021-11-09,,-0.007167742534527233
2021-11-10,,-0.010921034912407701
2021-11-11,,0.006764348291399269
2021-11-12,,-0.0033647445600502035
2021-11-13,,0.0031416757961348907
2021-11-14,,-0.0009604265317828542
2021-11-15,,-0.004714851736326575
2021-11-16,,-0.035867051874664546
2021-11-17,,0.0038107995698506425
2021-11-18,,-0.035162216811157165
2021-11-19,,0.030484306628937974
2021-11-20,,0.012768301909952928
2021-11-21,,-0.0113533546886192
2021-11-22,,-0.020935101971815917
2021-11-23,,-0.0019038599371807852
2021-11-24,,0.0
2021-11-25,,0.0
2021-11-26,,0.0
2021-11-27,,0.0
2021-11-28,,0.0
2021-11-29,,0.0
2021-11-30,,0.0
2021-12-01,,0.0
2021-12-02,,0.0
2021-12-03,,0.0
2021-12-04,,0.0
2021-12-05,,0.0
2021-12-06,,0.0
2021-12-07,,0.0
2021-12-08,,0.0
2021-12-09,,0.0
2021-12-10,,0.0
2021-12-11,,0.0
2021-12-12,,0.0
2021-12-13,,0.0
2021-12-14,,0.0
2021-12-15,,0.0
2021-12-16,,0.0
2021-12-17,,0.0
2021-12-18,,0.0
2021-12-19,,0.0
2021-12-20,,0.0
2021-12-21,,0.0
2021-12-22,,0.0
2021-12-23,,0.0
2021-12-24,,0.0
2021-12-25,,0.0
2021-12-26,,0.0
2021-12-27,,0.0
2021-12-28,,0.0
2021-12-29,,0.0
2021-12-30,,0.0
2021-12-31,,0.0
2022-01-01,,0.0
2022-01-02,,0.0
2022-01-03,,0.0
2022-01-04,,0.0
2022-01-05,,0.0
2022-01-06,,0.0
2022-01-07,,0.0
2022-01-08,,0.0
2022-01-09,,0.0
2022-01-10,,0.0
2022-01-11,,0.0
2022-01-12,,0.0
2022-01-13,,0.0
2022-01-14,,0.0
2022-01-15,,0.0
2022-01-16,,0.0
2022-01-17,,0.0
2022-01-18,,0.0
2022-01-19,,0.0
2022-01-20,,0.0
2022-01-21,,0.0
2022-01-22,,0.0
2022-01-23,,0.0
2022-01-24,,0.0
2022-01-25,,0.0
2022-01-26,,0.0
2022-01-27,,0.0
2022-01-28,,0.0
2022-01-29,,0.0
2022-01-30,,0.0
2022-01-31,,0.0
2022-02-01,,0.0
2022-02-02,,0.0
2022-02-03,,0.0
2022-02-04,,0.0
2022-02-05,,0.0
2022-02-06,,0.0
2022-02-07,,0.0
2022-02-08,,-0.0016588528205112585
2022-02-09,,0.011338365980455567
2022-02-10,,-0.015306608526181154
2022-02-11,,-0.029896985401078213
2022-02-12,,0.0065507255060412994
2022-02-13,,0.002625397270680896
2022-02-14,,0.0014699642422650872
2022-02-15,,0.012541592108235244
2022-02-16,,-0.0027986336800999156
2022-02-17,,-0.02331890908064549
2022-02-18,,0.0038045024521919935
2022-02-19,,0.007586168270765414
2022-02-20,,-0.015814270240388284
2022-02-21,,-0.023210286337299713
2022-02-22,,0.0017350872644832371
2022-02-23,,-0.0033657117358045774
2022-02-24,,-6.886407824879814e-05
2022-02-25,,0.010569821853582795
2022-02-26,,-0.002513570010170496
2022-02-27,,-0.003910318764550835
2022-02-28,,0.008218846550487324
2022-03-01,,0.004982820428637291
2022-03-02,,-0.003932858986884447
2022-03-03,,-0.0074841918038627275
2022-03-04,,-0.010532872506943458
2022-03-05,,0.003953069225148376
2022-03-06,,-0.00796927524714186
2022-03-07,,0.0003359264247857485
2022-03-08,,0.007668708964749138
2022-03-09,,0.01742722855458778
2022-03-10,,-0.014256741029544218
2022-03-11,,-0.0013103229019204576
2022-03-12,,0.002586787440681304
2022-03-13,,-0.011379123728575191
2022-03-14,,0.007211338599898864
2022-03-15,,-0.0023273141679351905
2022-03-16,,0.026901544331138894
2022-03-17,,0.002154204555976591
2022-03-18,,0.010207071057589445
2022-03-19,,0.0077937114319042156
2022-03-20,,-0.014445232774498717
2022-03-21,,0.006890849130001708
2022-03-22,,0.015254518665419825
2022-03-23,,0.012758077410571778
2022-03-24,,0.00897858636407034
2022-03-25,,-0.01411891664650311
2022-03-26,,0.010310827426787128
2022-03-27,,0.030022445443037782
2022-03-28,,-0.0019720934061505657
2022-03-29,,0.007779220435062184
2022-03-30,,0.008190641631390827
2022-03-31,,-0.007436805982268924
2022-04-01,,0.01511661946993037
2022-04-02,,5.0645729674947404e-05
2022-04-03,,0.008653172698609657
2022-04-04,,-0.002680708655724562
2022-04-05,,-0.007592312698825654
2022-04-06,,-0.021149601715954924
2022-04-07,,0.008352921687644788
2022-04-08,,-0.013217486752829744
2022-04-09,,0.004773023047394798
2022-04-10,,-0.0034104187821316634
2022-04-11,,-0.020688538813496193
2022-04-12,,0.017892211760124566
2022-04-13,,0.011409028808452737
2022-04-14,,-0.016956471432138964
2022-04-15,,0.004914837781669235
2022-04-16,,0.001269711074410207
2022-04-17,,-0.013320520560770488
2022-04-18,,0.012256200869011469
2022-04-19,,0.006763942642030063
2022-04-20,,-0.0035373033907397655
2022-04-21,,-0.006621702829372467
2022-04-22,,-0.00193139291229516
2022-04-23,,-0.0009153571752275047
2022-04-24,,-0.0018034663267696427
2022-04-25,,0.004701353708504552
2022-04-26,,-0.02438399069698627
2022-04-27,,0.006043664669852067
2022-04-28,,0.003532932787672305
2022-04-29,,-0.008251982275068181
2022-04-30,,-0.01212058077447653
2022-05-01,,0.00975786287706959
2022-05-02,,-0.0014047254677502785
2022-05-03,,-0.004860484259186282
2022-05-04,,0.01719296817232774
2022-05-05,,-0.01859203321412728
2022-05-06,,-0.001644548171127136
2022-05-07,,-0.007327561587607501
2022-05-08,,-0.009974922904600558
2022-05-09,,-0.058630704338575645
2022-05-10,,0.024138372031072164
2022-05-11,,-0.07494409634050336
2022-05-12,,-0.024313651592950403
2022-05-13,,0.03592853041669408
2022-05-14,,0.008317924350187189
2022-05-15,,0.03191095165758351
2022-05-16,,-0.027238743088508377
2022-05-17,,0.01379299940151868
2022-05-18,,-0.03877048148194451
2022-05-19,,0.02338066297555841
2022-05-20,,-0.01183618668500852
2022-05-21,,0.008274384803584445
2022-05-22,,0.01094376263733321
2022-05-23,,-0.015638030626594968
2022-05-24,,0.010801311466331898
2022-05-25,,-0.010122204698946091
2022-05-26,,-0.03902457916484514
2022-05-27,,-0.013279219825528377
2022-05-28,,0.018572194558351462
2022-05-29,,0.010993667133711416
2022-05-30,,0.05366591545994681
2022-05-31,,0.00770812713069402
2022-06-01,,-0.027032021951254093
2022-06-02,,0.013546420751675115
2022-06-03,,-0.013053538891950045
2022-06-04,,0.0027761537324364483
2022-06-05,,-0.0015304069733464987
2022-06-06,,0.007718089403338846
2022-06-07,,-0.0001859125975730569
2022-06-08,,0.0020004378752243035
2022-06-09,,-0.0009628790294281542
2022-06-10,,-0.015042933777267398
2022-06-11,,-0.01501768668830894
2022-06-12,,-0.021717840611152006
2022-06-13,,-0.027025332264048796
2022-06-14,,0.005171293270204824
2022-06-15,,0.02435087188819951
2022-06-16,,-0.03954866961606929
2022-06-17,,0.0076896842238696195
2022-06-18,,-0.02688974993037363
2022-06-19,,0.030274397148283505
2022-06-20,,0.0008185443365078537
2022-06-21,,-0.0027221077570535046
2022-06-22,,-0.01161566104852585
2022-06-23,,0.013906475716074063
2022-06-24,,0.01821893530639307
2022-06-25,,-0.00048456972337518334
2022-06-26,,-0.007562848727065585
2022-06-27,,-0.0037041839223800332
2022-06-28,,-0.0011104532981093262
2022-06-29,,0.0
2022-06-30,,0.0
2022-07-01,,0.0
2022-07-02,,0.0
2022-07-03,,0.0
2022-07-04,,0.0
2022-07-05,,0.0
2022-07-06,,0.0
2022-07-07,,0.0
2022-07-08,,0.0
2022-07-09,,0.0
2022-07-10,,0.0
2022-07-11,,0.0
2022-07-12,,0.0
2022-07-13,,0.0
2022-07-14,,0.0
2022-07-15,,0.0
2022-07-16,,0.0
2022-07-17,,0.0
2022-07-18,,0.0
2022-07-19,,0.0
2022-07-20,,0.0
2022-07-21,,0.0
2022-07-22,,0.0
2022-07-23,,0.0
2022-07-24,,0.0
2022-07-25,,0.0
2022-07-26,,0.0
2022-07-27,,0.0
2022-07-28,,0.0
2022-07-29,,0.0
2022-07-30,,0.0
2022-07-31,,0.0
2022-08-01,,0.0
2022-08-02,,-0.008266484617443504
2022-08-03,,0.002546127911496443
2022-08-04,,0.006785953372377085
2022-08-05,,0.014377005910315876
2022-08-06,,-0.0046107915274619105
2022-08-07,,0.005248255895317522
2022-08-08,,0.011699231990156989
2022-08-09,,-0.016871826815275992
2022-08-10,,0.027875045446136948
2022-08-11,,-0.002471493515689871
2022-08-12,,0.011538798817919638
2022-08-13,,0.0037224261460298003
2022-08-14,,-0.005818078329149046
2022-08-15,,-0.00834492723049618
2022-08-16,,0.002278614815028668
2022-08-17,,-0.025111472249942368
2022-08-18,,-0.02144178998413393
2022-08-19,,-0.046039729397266416
2022-08-20,,-0.007041859899132863
2022-08-21,,0.02273325498872314
2022-08-22,,-0.004064870951051458
2022-08-23,,-0.001998889629727052
2022-08-24,,0.0
2022-08-25,,0.0
2022-08-26,,0.0
2022-08-27,,0.0
2022-08-28,,0.0
2022-08-29,,0.0
2022-08-30,,0.0
2022-08-31,,0.0
2022-09-01,,0.0
2022-09-02,,0.0
2022-09-03,,0.0
2022-09-04,,0.0
2022-09-05,,0.0
2022-09-06,,-0.03520356103575806
2022-09-07,,0.0226514842077572
2022-09-08,,0.0026128149672446366
2022-09-09,,0.03744505266816689
2022-09-10,,0.012931669437445503
2022-09-11,,-0.003747127326003241
2022-09-12,,-0.005967566449860073
2022-09-13,,-0.05824237400394794
2022-09-14,,0.017020472681885668
2022-09-15,,-0.02605451156419858
2022-09-16,,-0.00560172068154674
2022-09-17,,0.017473711062481634
2022-09-18,,-0.04459138939664842
2022-09-19,,0.013942162075075037
2022-09-20,,-0.008531567840824983
2022-09-21,,-0.013813204679993696
2022-09-22,,0.04654366997061721
2022-09-23,,0.012018685231393267
2022-09-24,,-0.010708483271716918
2022-09-25,,-0.007660276939328581
2022-09-26,,0.008615972750863898
2022-09-27,,-0.0015157228730617867
2022-09-28,,0.0
2022-09-29,,0.0
2022-09-30,,0.0
2022-10-01,,0.0
2022-10-02,,0.0
2022-10-03,,0.0
2022-10-04,,0.005268925806710678
2022-10-05,,0.0031668850845318897
2022-10-06,,0.001307535125226078
2022-10-07,,0.008197308138447879
2022-10-08,,-0.0005034553408805875
2022-10-09,,0.004697283807054697
2022-10-10,,-0.011289671611156904
2022-10-11,,-0.0029491509723760245
2022-10-12,,0.0009424661831785031
2022-10-13,,-0.0030494871697341885
2022-10-14,,0.003172041271862769
2022-10-15,,-0.002308572258047259
2022-10-16,,-0.0016334902427550535
2022-10-17,,0.0011513525268871394
2022-10-18,,-0.007109620545090789
2022-10-19,,-0.006722310724318614
2022-10-20,,-0.0025664602610946385
2022-10-21,,0.005693328846190671
2022-10-22,,0.0022964280192112607
2022-10-23,,0.008522331151008755
2022-10-24,,-0.006736039640036995
2022-10-25,,0.02349183726463755
2022-10-26,,0.029878626532463537
2022-10-27,,-0.0018933186313560002
2022-10-28,,0.01806672654677599
2022-10-29,,0.05379466990086623
2022-10-30,,-0.005041708145993473
2022-10-31,,0.010102292934758728
2022-11-01,,0.01813155240682396
2022-11-02,,-0.017655139556295607
2022-11-03,,-0.003495866340468945
2022-11-04,,0.012177988540362339
2022-11-05,,-0.0037210193071923747
2022-11-06,,-0.015394875331163793
2022-11-07,,-0.0056219991666264235
2022-11-08,,-0.04730630499565858
2022-11-09,,-0.05778958437753012
2022-11-10,,0.05586807027312446
2022-11-11,,-0.01686214800605368
2022-11-12,,0.004162771852870728
2022-11-13,,-0.00881817978368249
2022-11-14,,0.005101532355220373
2022-11-15,,0.008105740744754453
2022-11-16,,-0.019437430302379988
2022-11-17,,-0.008921932624721629
2022-11-18,,0.0010958252604900132
2022-11-19,,0.002511312241131769
2022-11-20,,-0.049743809875425815
2022-11-21,,-0.025269632476919934
2022-11-22,,0.007493106077873124
2022-11-23,,0.016099511914810627
2022-11-24,,0.002745960895959465
2022-11-25,,-0.003551128062223463
2022-11-26,,0.0005543984062308382
2022-11-27,,-0.0011257237005194431
2022-11-28,,-0.010371696434601008
2022-11-29,,0.007989512295591972
2022-11-30,,0.02009140863902359
2022-12-01,,-0.013382036801322106
2022-12-02,,0.004706882204246643
2022-12-03,,-0.00629633881452718
2022-12-04,,0.010588114847437602
2022-12-05,,-0.005393900387717143
2022-12-06,,-0.0016336175723106194
2022-12-07,,-0.006528739178500276
2022-12-08,,0.005753713416132955
2022-12-09,,-0.0032534347336475866
2022-12-10,,-0.0010093744001713478
2022-12-11,,-0.0051665098169804136
2022-12-12,,-0.000983701985427743
2022-12-13,,0.0061216330918660855
2022-12-14,,-0.0008105588132396591
2022-12-15,,-0.0056321473187567195
2022-12-16,,-0.012062677437360003
2022-12-17,,0.0027649777864533487
2022-12-18,,-0.0007243104078878959
2022-12-19,,-0.0031383940526340526
2022-12-20,,0.011211464290820983
2022-12-21,,-0.003849665643710365
2022-12-22,,0.00257879839554076
2022-12-23,,-0.0021338990941511815
2022-12-24,,0.0009544134319268149
2022-12-25,,-3.178062666997494e-05
2022-12-26,,0.0003621216565306007
2022-12-27,,-0.00044413933064912925
2022-12-28,,0.0
2022-12-29,,0.0
2022-12-30,,0.0
2022-12-31,,0.0
